{
    "loss": 0.28785988688468933,
    "accuracy": 0.8823529481887817
}